ID,Prix,Quantite,Remise,CA_Brut,CA_Net,TVA,CA_TTC
101,65.75,2,20.0,131.5,105.2,21.04,126.24
102,31.13,15,2.5,466.95,455.28,91.06,546.34
103,74.96,44,20.0,3298.24,2638.59,527.72,3166.31
104,89.76,6,15.0,538.56,457.78,91.56,549.34
105,45.08,2,0.0,90.16,90.16,18.03,108.19
106,25.77,33,15.0,850.41,722.85,144.57,867.42
107,7.52,13,20.0,97.76,78.21,15.64,93.85
108,66.74,35,10.0,2335.9,2102.31,420.46,2522.77
109,25.94,38,5.0,985.72,936.43,187.29,1123.72
110,81.9,1,2.5,81.9,79.85,15.97,95.82
111,71.32,22,5.0,1569.04,1490.59,298.12,1788.71
112,19.77,49,5.0,968.73,920.29,184.06,1104.35
113,14.71,25,0.0,367.75,367.75,73.55,441.3
114,39.1,23,15.0,899.3,764.4,152.88,917.28
115,30.13,3,20.0,90.39,72.31,14.46,86.77
116,48.65,8,10.0,389.2,350.28,70.06,420.34
117,12.49,19,20.0,237.31,189.85,37.97,227.82
118,63.76,24,15.0,1530.24,1300.7,260.14,1560.84
119,23.27,5,0.0,116.35,116.35,23.27,139.62
120,67.82,50,5.0,3391.0,3221.45,644.29,3865.74
121,98.6,15,0.0,1479.0,1479.0,295.8,1774.8
122,41.11,30,20.0,1233.3,986.64,197.33,1183.97
123,84.24,11,5.0,926.64,880.31,176.06,1056.37
124,38.75,43,5.0,1666.25,1582.94,316.59,1899.53
125,71.67,44,20.0,3153.48,2522.78,504.56,3027.34
126,11.78,41,2.5,482.98,470.91,94.18,565.09
127,55.74,16,2.5,891.84,869.54,173.91,1043.45
128,48.91,18,20.0,880.38,704.3,140.86,845.16
129,70.38,15,20.0,1055.7,844.56,168.91,1013.47
130,35.81,50,0.0,1790.5,1790.5,358.1,2148.6
131,26.76,3,5.0,80.28,76.27,15.25,91.52
132,43.11,5,2.5,215.55,210.16,42.03,252.19
133,91.75,37,20.0,3394.75,2715.8,543.16,3258.96
134,34.89,42,10.0,1465.38,1318.84,263.77,1582.61
135,42.59,42,10.0,1788.78,1609.9,321.98,1931.88
136,18.57,9,2.5,167.13,162.95,32.59,195.54
137,75.77,35,5.0,2651.95,2519.35,503.87,3023.22
138,75.97,28,15.0,2127.16,1808.09,361.62,2169.71
139,42.94,15,2.5,644.1,628.0,125.6,753.6
140,53.4,6,0.0,320.4,320.4,64.08,384.48
141,86.8,10,20.0,868.0,694.4,138.88,833.28
142,20.2,44,10.0,888.8,799.92,159.98,959.9
143,61.66,25,10.0,1541.5,1387.35,277.47,1664.82
144,61.61,30,15.0,1848.3,1571.05,314.21,1885.26
145,28.88,36,0.0,1039.68,1039.68,207.94,1247.62
146,69.63,8,20.0,557.04,445.63,89.13,534.76
147,89.05,49,5.0,4363.45,4145.28,829.06,4974.34
148,78.02,22,0.0,1716.44,1716.44,343.29,2059.73
149,32.88,11,10.0,361.68,325.51,65.1,390.61
150,5.31,47,20.0,249.57,199.66,39.93,239.59
151,30.02,33,2.5,990.66,965.89,193.18,1159.07
152,53.23,7,20.0,372.61,298.09,59.62,357.71
153,33.35,41,15.0,1367.35,1162.25,232.45,1394.7
154,62.85,10,5.0,628.5,597.07,119.41,716.48
155,77.44,35,15.0,2710.4,2303.84,460.77,2764.61
156,92.26,39,5.0,3598.14,3418.23,683.65,4101.88
157,51.42,8,5.0,411.36,390.79,78.16,468.95
158,88.48,20,2.5,1769.6,1725.36,345.07,2070.43
159,10.5,37,0.0,388.5,388.5,77.7,466.2
160,13.14,32,0.0,420.48,420.48,84.1,504.58
161,97.91,35,2.5,3426.85,3341.18,668.24,4009.42
162,17.2,31,15.0,533.2,453.22,90.64,543.86
163,20.69,34,15.0,703.46,597.94,119.59,717.53
164,45.2,14,15.0,632.8,537.88,107.58,645.46
165,76.75,45,2.5,3453.75,3367.41,673.48,4040.89
166,72.73,26,20.0,1890.98,1512.78,302.56,1815.34
167,66.74,29,15.0,1935.46,1645.14,329.03,1974.17
168,47.89,16,2.5,766.24,747.08,149.42,896.5
169,11.08,2,15.0,22.16,18.84,3.77,22.61
170,57.62,38,2.5,2189.56,2134.82,426.96,2561.78
171,5.68,46,20.0,261.28,209.02,41.8,250.82
172,10.59,5,0.0,52.95,52.95,10.59,63.54
173,86.67,5,15.0,433.35,368.35,73.67,442.02
174,27.61,43,10.0,1187.23,1068.51,213.7,1282.21
175,25.35,9,20.0,228.15,182.52,36.5,219.02
176,93.87,37,15.0,3473.19,2952.21,590.44,3542.65
177,49.9,31,10.0,1546.9,1392.21,278.44,1670.65
178,23.09,7,20.0,161.63,129.3,25.86,155.16
179,45.95,28,10.0,1286.6,1157.94,231.59,1389.53
180,49.37,47,0.0,2320.39,2320.39,464.08,2784.47
181,68.97,42,0.0,2896.74,2896.74,579.35,3476.09
182,10.76,47,5.0,505.72,480.43,96.09,576.52
183,81.06,7,2.5,567.42,553.23,110.65,663.88
184,23.2,35,10.0,812.0,730.8,146.16,876.96
185,18.32,12,5.0,219.84,208.85,41.77,250.62
186,48.95,5,10.0,244.75,220.28,44.06,264.34
187,81.76,36,0.0,2943.36,2943.36,588.67,3532.03
188,9.81,35,0.0,343.35,343.35,68.67,412.02
189,97.05,49,2.5,4755.45,4636.56,927.31,5563.87
190,20.8,32,10.0,665.6,599.04,119.81,718.85
191,25.31,26,0.0,658.06,658.06,131.61,789.67
192,20.64,1,10.0,20.64,18.58,3.72,22.3
193,30.19,30,5.0,905.7,860.41,172.08,1032.49
194,45.19,47,15.0,2123.93,1805.34,361.07,2166.41
195,67.88,32,2.5,2172.16,2117.86,423.57,2541.43
196,23.04,14,0.0,322.56,322.56,64.51,387.07
197,60.02,35,0.0,2100.7,2100.7,420.14,2520.84
198,76.06,4,0.0,304.24,304.24,60.85,365.09
199,60.5,33,15.0,1996.5,1697.02,339.4,2036.42
200,19.96,33,0.0,658.68,658.68,131.74,790.42
201,85.88,5,15.0,429.4,364.99,73.0,437.99
202,11.46,16,10.0,183.36,165.02,33.0,198.02
203,16.39,37,2.5,606.43,591.27,118.25,709.52
204,60.0,3,15.0,180.0,153.0,30.6,183.6
205,12.79,43,15.0,549.97,467.47,93.49,560.96
206,58.7,21,5.0,1232.7,1171.07,234.21,1405.28
207,24.4,46,5.0,1122.4,1066.28,213.26,1279.54
208,27.68,26,2.5,719.68,701.69,140.34,842.03
209,68.81,20,10.0,1376.2,1238.58,247.72,1486.3
210,35.04,49,0.0,1716.96,1716.96,343.39,2060.35
211,5.88,40,15.0,235.2,199.92,39.98,239.9
212,99.63,5,15.0,498.15,423.43,84.69,508.12
213,25.25,17,2.5,429.25,418.52,83.7,502.22
214,93.66,5,2.5,468.3,456.59,91.32,547.91
215,40.11,11,10.0,441.21,397.09,79.42,476.51
216,84.21,46,5.0,3873.66,3679.98,736.0,4415.98
217,63.11,42,15.0,2650.62,2253.03,450.61,2703.64
218,5.74,36,5.0,206.64,196.31,39.26,235.57
219,93.52,7,2.5,654.64,638.27,127.65,765.92
220,30.12,7,20.0,210.84,168.67,33.73,202.4
221,57.56,18,5.0,1036.08,984.28,196.86,1181.14
222,62.46,46,5.0,2873.16,2729.5,545.9,3275.4
223,24.34,41,5.0,997.94,948.04,189.61,1137.65
224,53.01,17,0.0,901.17,901.17,180.23,1081.4
225,13.77,28,5.0,385.56,366.28,73.26,439.54
226,9.19,22,2.5,202.18,197.13,39.43,236.56
227,65.53,17,2.5,1114.01,1086.16,217.23,1303.39
228,75.42,36,20.0,2715.12,2172.1,434.42,2606.52
229,45.63,1,0.0,45.63,45.63,9.13,54.76
230,12.15,45,2.5,546.75,533.08,106.62,639.7
231,56.83,24,15.0,1363.92,1159.33,231.87,1391.2
232,57.49,28,2.5,1609.72,1569.48,313.9,1883.38
233,8.97,24,0.0,215.28,215.28,43.06,258.34
234,90.4,14,20.0,1265.6,1012.48,202.5,1214.98
235,28.71,7,5.0,200.97,190.92,38.18,229.1
236,79.11,27,15.0,2135.97,1815.57,363.11,2178.68
237,76.2,16,2.5,1219.2,1188.72,237.74,1426.46
238,97.74,12,10.0,1172.88,1055.59,211.12,1266.71
239,7.35,48,5.0,352.8,335.16,67.03,402.19
240,79.33,27,20.0,2141.91,1713.53,342.71,2056.24
241,87.09,16,5.0,1393.44,1323.77,264.75,1588.52
242,20.12,45,0.0,905.4,905.4,181.08,1086.48
243,41.34,3,10.0,124.02,111.62,22.32,133.94
244,26.13,30,5.0,783.9,744.7,148.94,893.64
245,33.99,15,2.5,509.85,497.1,99.42,596.52
246,7.25,13,10.0,94.25,84.83,16.97,101.8
247,36.18,5,5.0,180.9,171.85,34.37,206.22
248,38.36,33,10.0,1265.88,1139.29,227.86,1367.15
249,69.55,35,5.0,2434.25,2312.54,462.51,2775.05
250,94.23,8,5.0,753.84,716.15,143.23,859.38
251,21.96,17,0.0,373.32,373.32,74.66,447.98
252,15.3,28,5.0,428.4,406.98,81.4,488.38
253,74.21,21,10.0,1558.41,1402.57,280.51,1683.08
254,62.59,33,0.0,2065.47,2065.47,413.09,2478.56
255,41.59,37,2.5,1538.83,1500.36,300.07,1800.43
256,29.2,46,10.0,1343.2,1208.88,241.78,1450.66
257,5.16,35,20.0,180.6,144.48,28.9,173.38
258,73.35,48,20.0,3520.8,2816.64,563.33,3379.97
259,68.71,24,10.0,1649.04,1484.14,296.83,1780.97
260,11.65,43,5.0,500.95,475.9,95.18,571.08
261,64.2,43,0.0,2760.6,2760.6,552.12,3312.72
262,73.38,20,15.0,1467.6,1247.46,249.49,1496.95
263,34.38,27,5.0,928.26,881.85,176.37,1058.22
264,43.23,19,15.0,821.37,698.16,139.63,837.79
265,17.09,27,20.0,461.43,369.14,73.83,442.97
266,94.33,44,20.0,4150.52,3320.42,664.08,3984.5
267,90.77,40,15.0,3630.8,3086.18,617.24,3703.42
268,33.59,36,0.0,1209.24,1209.24,241.85,1451.09
269,33.87,14,10.0,474.18,426.76,85.35,512.11
270,79.65,39,20.0,3106.35,2485.08,497.02,2982.1
271,35.61,29,10.0,1032.69,929.42,185.88,1115.3
272,69.18,33,10.0,2282.94,2054.65,410.93,2465.58
273,80.4,48,2.5,3859.2,3762.72,752.54,4515.26
274,67.59,19,15.0,1284.21,1091.58,218.32,1309.9
275,68.07,40,5.0,2722.8,2586.66,517.33,3103.99
276,13.87,49,2.5,679.63,662.64,132.53,795.17
277,68.92,15,2.5,1033.8,1007.95,201.59,1209.54
278,19.0,3,2.5,57.0,55.57,11.11,66.68
279,98.47,40,0.0,3938.8,3938.8,787.76,4726.56
280,48.26,41,15.0,1978.66,1681.86,336.37,2018.23
281,23.47,45,10.0,1056.15,950.54,190.11,1140.65
282,51.97,16,2.5,831.52,810.73,162.15,972.88
283,67.33,1,0.0,67.33,67.33,13.47,80.8
284,78.95,15,2.5,1184.25,1154.64,230.93,1385.57
285,81.39,45,15.0,3662.55,3113.17,622.63,3735.8
286,49.13,36,2.5,1768.68,1724.46,344.89,2069.35
287,92.16,8,10.0,737.28,663.55,132.71,796.26
288,17.67,30,20.0,530.1,424.08,84.82,508.9
289,55.46,36,15.0,1996.56,1697.08,339.42,2036.5
290,35.14,49,10.0,1721.86,1549.67,309.93,1859.6
291,63.2,47,15.0,2970.4,2524.84,504.97,3029.81
292,45.54,36,10.0,1639.44,1475.5,295.1,1770.6
293,90.23,48,10.0,4331.04,3897.94,779.59,4677.53
294,47.76,49,2.5,2340.24,2281.73,456.35,2738.08
295,84.79,18,15.0,1526.22,1297.29,259.46,1556.75
296,51.04,16,5.0,816.64,775.81,155.16,930.97
297,46.79,46,5.0,2152.34,2044.72,408.94,2453.66
298,27.28,22,5.0,600.16,570.15,114.03,684.18
299,89.84,6,2.5,539.04,525.56,105.11,630.67
300,19.33,25,20.0,483.25,386.6,77.32,463.92
301,19.52,14,0.0,273.28,273.28,54.66,327.94
302,44.41,22,15.0,977.02,830.47,166.09,996.56
303,49.26,4,2.5,197.04,192.11,38.42,230.53
304,84.12,25,15.0,2103.0,1787.55,357.51,2145.06
305,94.88,2,15.0,189.76,161.3,32.26,193.56
306,41.14,1,5.0,41.14,39.08,7.82,46.9
307,33.37,25,10.0,834.25,750.83,150.17,901.0
308,56.13,48,15.0,2694.24,2290.1,458.02,2748.12
309,80.99,15,10.0,1214.85,1093.37,218.67,1312.04
310,25.85,28,10.0,723.8,651.42,130.28,781.7
311,7.76,22,20.0,170.72,136.58,27.32,163.9
312,69.52,26,20.0,1807.52,1446.02,289.2,1735.22
313,20.68,30,2.5,620.4,604.89,120.98,725.87
314,98.17,35,0.0,3435.95,3435.95,687.19,4123.14
315,91.16,38,15.0,3464.08,2944.47,588.89,3533.36
316,67.98,6,20.0,407.88,326.3,65.26,391.56
317,45.72,30,2.5,1371.6,1337.31,267.46,1604.77
318,9.78,25,5.0,244.5,232.27,46.45,278.72
319,25.11,21,5.0,527.31,500.94,100.19,601.13
320,77.32,25,5.0,1933.0,1836.35,367.27,2203.62
321,76.44,27,5.0,2063.88,1960.69,392.14,2352.83
322,84.32,31,0.0,2613.92,2613.92,522.78,3136.7
323,76.16,4,5.0,304.64,289.41,57.88,347.29
324,26.3,5,20.0,131.5,105.2,21.04,126.24
325,8.82,2,2.5,17.64,17.2,3.44,20.64
326,23.94,2,15.0,47.88,40.7,8.14,48.84
327,19.48,9,10.0,175.32,157.79,31.56,189.35
328,68.6,37,2.5,2538.2,2474.74,494.95,2969.69
329,49.18,17,5.0,836.06,794.26,158.85,953.11
330,20.94,39,20.0,816.66,653.33,130.67,784.0
331,73.24,50,2.5,3662.0,3570.45,714.09,4284.54
332,96.65,7,15.0,676.55,575.07,115.01,690.08
333,7.44,20,15.0,148.8,126.48,25.3,151.78
334,69.35,25,10.0,1733.75,1560.38,312.08,1872.46
335,94.44,13,0.0,1227.72,1227.72,245.54,1473.26
336,61.25,41,2.5,2511.25,2448.47,489.69,2938.16
337,14.68,50,5.0,734.0,697.3,139.46,836.76
338,85.78,39,0.0,3345.42,3345.42,669.08,4014.5
339,80.64,37,0.0,2983.68,2983.68,596.74,3580.42
340,37.98,28,20.0,1063.44,850.75,170.15,1020.9
341,40.2,33,20.0,1326.6,1061.28,212.26,1273.54
342,37.42,27,10.0,1010.34,909.31,181.86,1091.17
343,15.03,24,20.0,360.72,288.58,57.72,346.3
344,89.7,30,20.0,2691.0,2152.8,430.56,2583.36
345,19.53,12,20.0,234.36,187.49,37.5,224.99
346,54.57,42,5.0,2291.94,2177.34,435.47,2612.81
347,63.51,35,10.0,2222.85,2000.57,400.11,2400.68
348,49.16,47,15.0,2310.52,1963.94,392.79,2356.73
349,30.5,16,0.0,488.0,488.0,97.6,585.6
350,31.5,29,2.5,913.5,890.66,178.13,1068.79
351,76.3,37,15.0,2823.1,2399.63,479.93,2879.56
352,68.48,22,0.0,1506.56,1506.56,301.31,1807.87
353,51.96,21,2.5,1091.16,1063.88,212.78,1276.66
354,51.32,23,5.0,1180.36,1121.34,224.27,1345.61
355,37.33,39,20.0,1455.87,1164.7,232.94,1397.64
356,88.61,36,0.0,3189.96,3189.96,637.99,3827.95
357,54.08,13,0.0,703.04,703.04,140.61,843.65
358,27.93,27,10.0,754.11,678.7,135.74,814.44
359,57.74,16,20.0,923.84,739.07,147.81,886.88
360,50.23,46,10.0,2310.58,2079.52,415.9,2495.42
361,47.58,2,0.0,95.16,95.16,19.03,114.19
362,32.95,26,20.0,856.7,685.36,137.07,822.43
363,28.11,43,15.0,1208.73,1027.42,205.48,1232.9
364,40.06,36,15.0,1442.16,1225.84,245.17,1471.01
365,37.66,48,15.0,1807.68,1536.53,307.31,1843.84
366,36.43,45,10.0,1639.35,1475.41,295.08,1770.49
367,30.74,17,2.5,522.58,509.52,101.9,611.42
368,16.46,13,5.0,213.98,203.28,40.66,243.94
369,16.36,35,20.0,572.6,458.08,91.62,549.7
370,22.59,14,20.0,316.26,253.01,50.6,303.61
371,51.0,47,15.0,2397.0,2037.45,407.49,2444.94
372,97.78,34,15.0,3324.52,2825.84,565.17,3391.01
373,31.88,7,2.5,223.16,217.58,43.52,261.1
374,33.14,24,2.5,795.36,775.48,155.1,930.58
375,33.72,46,15.0,1551.12,1318.45,263.69,1582.14
376,17.03,3,0.0,51.09,51.09,10.22,61.31
377,57.57,45,2.5,2590.65,2525.88,505.18,3031.06
378,65.6,49,10.0,3214.4,2892.96,578.59,3471.55
379,14.75,1,15.0,14.75,12.54,2.51,15.05
380,32.01,31,10.0,992.31,893.08,178.62,1071.7
381,37.37,4,5.0,149.48,142.01,28.4,170.41
382,94.4,31,0.0,2926.4,2926.4,585.28,3511.68
383,83.1,26,10.0,2160.6,1944.54,388.91,2333.45
384,12.04,41,20.0,493.64,394.91,78.98,473.89
385,10.09,10,15.0,100.9,85.77,17.15,102.92
386,95.17,6,2.5,571.02,556.74,111.35,668.09
387,16.25,49,10.0,796.25,716.62,143.32,859.94
388,62.6,40,2.5,2504.0,2441.4,488.28,2929.68
389,78.69,25,10.0,1967.25,1770.53,354.11,2124.64
390,91.31,20,15.0,1826.2,1552.27,310.45,1862.72
391,99.05,20,15.0,1981.0,1683.85,336.77,2020.62
392,64.0,40,20.0,2560.0,2048.0,409.6,2457.6
393,14.43,49,2.5,707.07,689.39,137.88,827.27
394,64.42,17,20.0,1095.14,876.11,175.22,1051.33
395,12.71,16,2.5,203.36,198.28,39.66,237.94
396,57.44,11,0.0,631.84,631.84,126.37,758.21
397,43.81,45,15.0,1971.45,1675.73,335.15,2010.88
398,49.64,3,2.5,148.92,145.2,29.04,174.24
399,32.37,19,20.0,615.03,492.02,98.4,590.42
400,86.66,5,20.0,433.3,346.64,69.33,415.97
401,27.18,17,20.0,462.06,369.65,73.93,443.58
402,61.03,13,10.0,793.39,714.05,142.81,856.86
403,15.9,15,20.0,238.5,190.8,38.16,228.96
404,19.15,18,2.5,344.7,336.08,67.22,403.3
405,11.78,11,5.0,129.58,123.1,24.62,147.72
406,61.53,37,5.0,2276.61,2162.78,432.56,2595.34
407,46.72,30,20.0,1401.6,1121.28,224.26,1345.54
408,33.89,26,5.0,881.14,837.08,167.42,1004.5
409,52.54,32,10.0,1681.28,1513.15,302.63,1815.78
410,12.64,3,10.0,37.92,34.13,6.83,40.96
411,74.78,39,5.0,2916.42,2770.6,554.12,3324.72
412,7.46,15,20.0,111.9,89.52,17.9,107.42
413,84.42,37,15.0,3123.54,2655.01,531.0,3186.01
414,95.32,49,20.0,4670.68,3736.54,747.31,4483.85
415,83.04,37,0.0,3072.48,3072.48,614.5,3686.98
416,77.5,12,10.0,930.0,837.0,167.4,1004.4
417,54.3,29,5.0,1574.7,1495.96,299.19,1795.15
418,22.24,38,10.0,845.12,760.61,152.12,912.73
419,65.3,32,0.0,2089.6,2089.6,417.92,2507.52
420,49.65,27,5.0,1340.55,1273.52,254.7,1528.22
421,35.5,7,2.5,248.5,242.29,48.46,290.75
422,36.33,45,10.0,1634.85,1471.37,294.27,1765.64
423,32.38,26,15.0,841.88,715.6,143.12,858.72
424,8.49,6,5.0,50.94,48.39,9.68,58.07
425,28.98,8,10.0,231.84,208.66,41.73,250.39
426,87.17,1,20.0,87.17,69.74,13.95,83.69
427,87.59,30,10.0,2627.7,2364.93,472.99,2837.92
428,10.15,34,5.0,345.1,327.85,65.57,393.42
429,64.15,32,20.0,2052.8,1642.24,328.45,1970.69
430,46.99,4,2.5,187.96,183.26,36.65,219.91
431,30.37,9,5.0,273.33,259.66,51.93,311.59
432,46.62,45,10.0,2097.9,1888.11,377.62,2265.73
433,16.54,41,15.0,678.14,576.42,115.28,691.7
434,80.93,46,2.5,3722.78,3629.71,725.94,4355.65
435,34.52,1,15.0,34.52,29.34,5.87,35.21
436,43.76,15,0.0,656.4,656.4,131.28,787.68
437,48.84,8,20.0,390.72,312.58,62.52,375.1
438,84.05,32,20.0,2689.6,2151.68,430.34,2582.02
439,32.73,46,5.0,1505.58,1430.3,286.06,1716.36
440,44.47,31,10.0,1378.57,1240.71,248.14,1488.85
441,28.15,36,2.5,1013.4,988.06,197.61,1185.67
442,41.44,39,15.0,1616.16,1373.74,274.75,1648.49
443,75.9,9,0.0,683.1,683.1,136.62,819.72
444,31.24,27,5.0,843.48,801.31,160.26,961.57
445,93.75,33,5.0,3093.75,2939.06,587.81,3526.87
446,82.95,19,20.0,1576.05,1260.84,252.17,1513.01
447,33.36,38,15.0,1267.68,1077.53,215.51,1293.04
448,99.9,32,2.5,3196.8,3116.88,623.38,3740.26
449,47.42,31,5.0,1470.02,1396.52,279.3,1675.82
450,36.58,49,15.0,1792.42,1523.56,304.71,1828.27
451,40.83,21,2.5,857.43,835.99,167.2,1003.19
452,98.17,16,15.0,1570.72,1335.11,267.02,1602.13
453,41.38,50,10.0,2069.0,1862.1,372.42,2234.52
454,9.15,48,10.0,439.2,395.28,79.06,474.34
455,72.0,25,10.0,1800.0,1620.0,324.0,1944.0
456,98.9,42,2.5,4153.8,4049.95,809.99,4859.94
457,52.06,3,2.5,156.18,152.28,30.46,182.74
458,52.72,38,5.0,2003.36,1903.19,380.64,2283.83
459,87.62,29,0.0,2540.98,2540.98,508.2,3049.18
460,54.97,30,0.0,1649.1,1649.1,329.82,1978.92
461,73.63,27,20.0,1988.01,1590.41,318.08,1908.49
462,97.15,5,10.0,485.75,437.18,87.44,524.62
463,79.24,17,5.0,1347.08,1279.73,255.95,1535.68
464,64.21,26,20.0,1669.46,1335.57,267.11,1602.68
465,12.63,22,20.0,277.86,222.29,44.46,266.75
466,86.64,25,5.0,2166.0,2057.7,411.54,2469.24
467,64.55,49,10.0,3162.95,2846.65,569.33,3415.98
468,87.88,3,15.0,263.64,224.09,44.82,268.91
469,11.5,41,20.0,471.5,377.2,75.44,452.64
470,92.49,15,20.0,1387.35,1109.88,221.98,1331.86
471,13.59,7,20.0,95.13,76.1,15.22,91.32
472,71.87,7,10.0,503.09,452.78,90.56,543.34
473,20.8,20,0.0,416.0,416.0,83.2,499.2
474,9.37,4,5.0,37.48,35.61,7.12,42.73
475,39.05,28,2.5,1093.4,1066.07,213.21,1279.28
476,28.2,27,15.0,761.4,647.19,129.44,776.63
477,69.77,12,2.5,837.24,816.31,163.26,979.57
478,21.63,40,10.0,865.2,778.68,155.74,934.42
479,63.87,16,10.0,1021.92,919.73,183.95,1103.68
480,91.72,10,2.5,917.2,894.27,178.85,1073.12
481,48.81,17,10.0,829.77,746.79,149.36,896.15
482,29.26,1,10.0,29.26,26.33,5.27,31.6
483,90.61,44,15.0,3986.84,3388.81,677.76,4066.57
484,20.01,29,5.0,580.29,551.28,110.26,661.54
485,98.83,20,20.0,1976.6,1581.28,316.26,1897.54
486,96.39,45,5.0,4337.55,4120.67,824.13,4944.8
487,48.4,20,2.5,968.0,943.8,188.76,1132.56
488,99.94,31,0.0,3098.14,3098.14,619.63,3717.77
489,27.53,37,5.0,1018.61,967.68,193.54,1161.22
490,59.61,45,5.0,2682.45,2548.33,509.67,3058.0
491,7.08,43,10.0,304.44,274.0,54.8,328.8
492,31.08,37,20.0,1149.96,919.97,183.99,1103.96
493,78.94,4,15.0,315.76,268.4,53.68,322.08
494,75.79,19,2.5,1440.01,1404.01,280.8,1684.81
495,62.67,23,2.5,1441.41,1405.37,281.07,1686.44
496,65.48,40,5.0,2619.2,2488.24,497.65,2985.89
497,69.39,47,20.0,3261.33,2609.06,521.81,3130.87
498,69.68,9,20.0,627.12,501.7,100.34,602.04
499,14.23,41,20.0,583.43,466.74,93.35,560.09
500,8.75,29,0.0,253.75,253.75,50.75,304.5
501,60.06,47,2.5,2822.82,2752.25,550.45,3302.7
502,13.56,19,5.0,257.64,244.76,48.95,293.71
503,76.01,12,2.5,912.12,889.32,177.86,1067.18
504,17.56,35,5.0,614.6,583.87,116.77,700.64
505,55.43,18,2.5,997.74,972.8,194.56,1167.36
506,29.41,31,5.0,911.71,866.12,173.22,1039.34
507,75.92,22,0.0,1670.24,1670.24,334.05,2004.29
508,49.49,5,2.5,247.45,241.26,48.25,289.51
509,76.64,15,20.0,1149.6,919.68,183.94,1103.62
510,73.8,26,15.0,1918.8,1630.98,326.2,1957.18
511,39.75,26,0.0,1033.5,1033.5,206.7,1240.2
512,30.12,8,10.0,240.96,216.86,43.37,260.23
513,40.02,48,20.0,1920.96,1536.77,307.35,1844.12
514,29.91,25,20.0,747.75,598.2,119.64,717.84
515,94.33,7,20.0,660.31,528.25,105.65,633.9
516,27.21,2,15.0,54.42,46.26,9.25,55.51
517,89.0,36,5.0,3204.0,3043.8,608.76,3652.56
518,91.95,15,20.0,1379.25,1103.4,220.68,1324.08
519,11.01,30,20.0,330.3,264.24,52.85,317.09
520,33.71,27,0.0,910.17,910.17,182.03,1092.2
521,18.28,3,5.0,54.84,52.1,10.42,62.52
522,99.61,8,0.0,796.88,796.88,159.38,956.26
523,27.31,35,2.5,955.85,931.95,186.39,1118.34
524,41.92,24,20.0,1006.08,804.86,160.97,965.83
525,95.19,45,15.0,4283.55,3641.02,728.2,4369.22
526,44.82,48,20.0,2151.36,1721.09,344.22,2065.31
527,19.68,27,20.0,531.36,425.09,85.02,510.11
528,14.41,32,15.0,461.12,391.95,78.39,470.34
529,43.77,18,0.0,787.86,787.86,157.57,945.43
530,70.58,14,10.0,988.12,889.31,177.86,1067.17
531,47.25,16,5.0,756.0,718.2,143.64,861.84
532,14.44,44,5.0,635.36,603.59,120.72,724.31
533,56.72,42,5.0,2382.24,2263.13,452.63,2715.76
534,10.75,18,2.5,193.5,188.66,37.73,226.39
535,96.98,30,0.0,2909.4,2909.4,581.88,3491.28
536,67.96,42,20.0,2854.32,2283.46,456.69,2740.15
537,61.73,2,0.0,123.46,123.46,24.69,148.15
538,79.75,16,2.5,1276.0,1244.1,248.82,1492.92
539,79.76,14,0.0,1116.64,1116.64,223.33,1339.97
540,83.83,36,2.5,3017.88,2942.43,588.49,3530.92
541,60.71,15,5.0,910.65,865.12,173.02,1038.14
542,78.57,39,0.0,3064.23,3064.23,612.85,3677.08
543,31.34,10,2.5,313.4,305.56,61.11,366.67
544,56.32,12,0.0,675.84,675.84,135.17,811.01
545,67.8,2,2.5,135.6,132.21,26.44,158.65
546,6.41,16,15.0,102.56,87.18,17.44,104.62
547,35.76,12,5.0,429.12,407.66,81.53,489.19
548,9.98,48,10.0,479.04,431.14,86.23,517.37
549,54.98,48,0.0,2639.04,2639.04,527.81,3166.85
550,50.24,50,5.0,2512.0,2386.4,477.28,2863.68
551,53.76,7,10.0,376.32,338.69,67.74,406.43
552,52.86,40,0.0,2114.4,2114.4,422.88,2537.28
553,74.09,43,15.0,3185.87,2707.99,541.6,3249.59
554,33.65,42,0.0,1413.3,1413.3,282.66,1695.96
555,10.78,31,10.0,334.18,300.76,60.15,360.91
556,45.5,7,10.0,318.5,286.65,57.33,343.98
557,72.68,29,0.0,2107.72,2107.72,421.54,2529.26
558,90.43,21,15.0,1899.03,1614.18,322.84,1937.02
559,19.09,9,5.0,171.81,163.22,32.64,195.86
560,64.31,38,15.0,2443.78,2077.21,415.44,2492.65
561,72.65,25,15.0,1816.25,1543.81,308.76,1852.57
562,55.4,30,15.0,1662.0,1412.7,282.54,1695.24
563,62.52,7,20.0,437.64,350.11,70.02,420.13
564,15.87,42,20.0,666.54,533.23,106.65,639.88
565,88.38,36,20.0,3181.68,2545.34,509.07,3054.41
566,87.22,28,10.0,2442.16,2197.94,439.59,2637.53
567,89.37,27,5.0,2412.99,2292.34,458.47,2750.81
568,83.6,26,10.0,2173.6,1956.24,391.25,2347.49
569,74.31,21,10.0,1560.51,1404.46,280.89,1685.35
570,34.69,17,5.0,589.73,560.24,112.05,672.29
571,95.59,44,10.0,4205.96,3785.36,757.07,4542.43
572,11.38,6,0.0,68.28,68.28,13.66,81.94
573,46.03,48,20.0,2209.44,1767.55,353.51,2121.06
574,40.4,9,15.0,363.6,309.06,61.81,370.87
575,10.7,36,15.0,385.2,327.42,65.48,392.9
576,36.32,8,10.0,290.56,261.5,52.3,313.8
577,38.59,43,10.0,1659.37,1493.43,298.69,1792.12
578,87.47,47,0.0,4111.09,4111.09,822.22,4933.31
579,97.0,39,5.0,3783.0,3593.85,718.77,4312.62
580,38.41,37,15.0,1421.17,1207.99,241.6,1449.59
581,25.21,43,10.0,1084.03,975.63,195.13,1170.76
582,26.3,7,5.0,184.1,174.89,34.98,209.87
583,85.31,24,0.0,2047.44,2047.44,409.49,2456.93
584,77.45,37,2.5,2865.65,2794.01,558.8,3352.81
585,81.69,36,15.0,2940.84,2499.71,499.94,2999.65
586,63.29,42,15.0,2658.18,2259.45,451.89,2711.34
587,7.49,43,20.0,322.07,257.66,51.53,309.19
588,30.41,12,5.0,364.92,346.67,69.33,416.0
589,71.76,20,5.0,1435.2,1363.44,272.69,1636.13
590,38.35,12,2.5,460.2,448.69,89.74,538.43
591,58.8,26,0.0,1528.8,1528.8,305.76,1834.56
592,18.48,41,0.0,757.68,757.68,151.54,909.22
593,13.72,34,2.5,466.48,454.82,90.96,545.78
594,40.74,30,5.0,1222.2,1161.09,232.22,1393.31
595,19.95,20,20.0,399.0,319.2,63.84,383.04
596,35.82,37,15.0,1325.34,1126.54,225.31,1351.85
597,13.07,4,2.5,52.28,50.97,10.19,61.16
598,19.95,40,0.0,798.0,798.0,159.6,957.6
599,69.03,18,10.0,1242.54,1118.29,223.66,1341.95
600,67.88,32,15.0,2172.16,1846.34,369.27,2215.61
601,46.99,18,2.5,845.82,824.67,164.93,989.6
602,76.72,8,5.0,613.76,583.07,116.61,699.68
603,45.84,19,20.0,870.96,696.77,139.35,836.12
604,69.46,32,15.0,2222.72,1889.31,377.86,2267.17
605,68.38,3,2.5,205.14,200.01,40.0,240.01
606,42.55,39,0.0,1659.45,1659.45,331.89,1991.34
607,5.73,20,2.5,114.6,111.73,22.35,134.08
608,77.9,49,5.0,3817.1,3626.24,725.25,4351.49
609,32.5,8,0.0,260.0,260.0,52.0,312.0
610,52.25,28,2.5,1463.0,1426.42,285.28,1711.7
611,17.27,35,20.0,604.45,483.56,96.71,580.27
612,26.86,36,20.0,966.96,773.57,154.71,928.28
613,81.59,5,10.0,407.95,367.15,73.43,440.58
614,86.87,3,10.0,260.61,234.55,46.91,281.46
615,6.78,5,5.0,33.9,32.2,6.44,38.64
616,59.7,37,10.0,2208.9,1988.01,397.6,2385.61
617,72.4,27,5.0,1954.8,1857.06,371.41,2228.47
618,15.94,2,5.0,31.88,30.29,6.06,36.35
619,21.33,40,10.0,853.2,767.88,153.58,921.46
620,84.04,24,0.0,2016.96,2016.96,403.39,2420.35
621,46.49,7,2.5,325.43,317.29,63.46,380.75
622,46.39,26,15.0,1206.14,1025.22,205.04,1230.26
623,12.47,20,20.0,249.4,199.52,39.9,239.42
624,37.25,22,2.5,819.5,799.01,159.8,958.81
625,12.26,41,0.0,502.66,502.66,100.53,603.19
626,55.41,13,5.0,720.33,684.31,136.86,821.17
627,38.35,42,2.5,1610.7,1570.43,314.09,1884.52
628,27.45,10,5.0,274.5,260.77,52.15,312.92
629,23.74,39,2.5,925.86,902.71,180.54,1083.25
630,77.22,42,0.0,3243.24,3243.24,648.65,3891.89
631,21.83,50,20.0,1091.5,873.2,174.64,1047.84
632,51.94,49,15.0,2545.06,2163.3,432.66,2595.96
633,77.19,29,20.0,2238.51,1790.81,358.16,2148.97
634,92.79,37,20.0,3433.23,2746.58,549.32,3295.9
635,65.35,40,5.0,2614.0,2483.3,496.66,2979.96
636,87.1,41,5.0,3571.1,3392.54,678.51,4071.05
637,19.34,5,10.0,96.7,87.03,17.41,104.44
638,47.01,20,5.0,940.2,893.19,178.64,1071.83
639,61.18,23,15.0,1407.14,1196.07,239.21,1435.28
640,12.05,30,10.0,361.5,325.35,65.07,390.42
641,8.57,24,5.0,205.68,195.4,39.08,234.48
642,12.29,6,15.0,73.74,62.68,12.54,75.22
643,61.44,25,10.0,1536.0,1382.4,276.48,1658.88
644,60.13,48,0.0,2886.24,2886.24,577.25,3463.49
645,47.72,37,20.0,1765.64,1412.51,282.5,1695.01
646,22.88,39,10.0,892.32,803.09,160.62,963.71
647,52.63,4,10.0,210.52,189.47,37.89,227.36
648,14.83,22,20.0,326.26,261.01,52.2,313.21
649,13.01,42,2.5,546.42,532.76,106.55,639.31
650,8.72,46,10.0,401.12,361.01,72.2,433.21
651,99.14,34,15.0,3370.76,2865.15,573.03,3438.18
652,62.93,24,5.0,1510.32,1434.8,286.96,1721.76
653,92.2,25,10.0,2305.0,2074.5,414.9,2489.4
654,78.57,44,15.0,3457.08,2938.52,587.7,3526.22
655,9.97,41,20.0,408.77,327.02,65.4,392.42
656,36.79,22,0.0,809.38,809.38,161.88,971.26
657,58.01,25,5.0,1450.25,1377.74,275.55,1653.29
658,28.94,43,15.0,1244.42,1057.76,211.55,1269.31
659,87.96,22,0.0,1935.12,1935.12,387.02,2322.14
660,60.36,10,5.0,603.6,573.42,114.68,688.1
661,34.47,42,20.0,1447.74,1158.19,231.64,1389.83
662,67.9,9,15.0,611.1,519.44,103.89,623.33
663,72.34,6,5.0,434.04,412.34,82.47,494.81
664,58.1,42,5.0,2440.2,2318.19,463.64,2781.83
665,82.25,43,20.0,3536.75,2829.4,565.88,3395.28
666,83.75,48,20.0,4020.0,3216.0,643.2,3859.2
667,91.68,6,20.0,550.08,440.06,88.01,528.07
668,68.69,33,5.0,2266.77,2153.43,430.69,2584.12
669,6.73,20,2.5,134.6,131.23,26.25,157.48
670,95.36,22,10.0,2097.92,1888.13,377.63,2265.76
671,23.24,9,2.5,209.16,203.93,40.79,244.72
672,12.33,7,15.0,86.31,73.36,14.67,88.03
673,78.23,48,15.0,3755.04,3191.78,638.36,3830.14
674,8.59,22,15.0,188.98,160.63,32.13,192.76
675,17.45,25,2.5,436.25,425.34,85.07,510.41
676,20.41,45,15.0,918.45,780.68,156.14,936.82
677,81.86,11,20.0,900.46,720.37,144.07,864.44
678,46.58,27,5.0,1257.66,1194.78,238.96,1433.74
679,69.25,16,10.0,1108.0,997.2,199.44,1196.64
680,63.01,49,20.0,3087.49,2469.99,494.0,2963.99
681,79.46,15,15.0,1191.9,1013.12,202.62,1215.74
682,27.72,31,2.5,859.32,837.84,167.57,1005.41
683,39.94,37,10.0,1477.78,1330.0,266.0,1596.0
684,48.86,19,10.0,928.34,835.51,167.1,1002.61
685,52.78,27,2.5,1425.06,1389.43,277.89,1667.32
686,82.6,39,2.5,3221.4,3140.87,628.17,3769.04
687,87.94,4,20.0,351.76,281.41,56.28,337.69
688,50.66,24,15.0,1215.84,1033.46,206.69,1240.15
689,93.76,46,15.0,4312.96,3666.02,733.2,4399.22
690,85.86,19,0.0,1631.34,1631.34,326.27,1957.61
691,77.5,18,10.0,1395.0,1255.5,251.1,1506.6
692,91.0,10,10.0,910.0,819.0,163.8,982.8
693,13.71,15,10.0,205.65,185.09,37.02,222.11
694,89.04,2,10.0,178.08,160.27,32.05,192.32
695,10.06,33,5.0,331.98,315.38,63.08,378.46
696,27.4,6,5.0,164.4,156.18,31.24,187.42
697,26.33,21,0.0,552.93,552.93,110.59,663.52
698,84.72,42,5.0,3558.24,3380.33,676.07,4056.4
699,80.18,9,0.0,721.62,721.62,144.32,865.94
700,32.25,31,20.0,999.75,799.8,159.96,959.76
701,83.96,49,20.0,4114.04,3291.23,658.25,3949.48
702,49.57,40,0.0,1982.8,1982.8,396.56,2379.36
703,91.06,2,5.0,182.12,173.01,34.6,207.61
704,25.49,10,15.0,254.9,216.66,43.33,259.99
705,94.32,39,15.0,3678.48,3126.71,625.34,3752.05
706,45.21,50,5.0,2260.5,2147.47,429.49,2576.96
707,27.58,8,0.0,220.64,220.64,44.13,264.77
708,27.65,41,15.0,1133.65,963.6,192.72,1156.32
709,48.43,8,10.0,387.44,348.7,69.74,418.44
710,61.69,2,20.0,123.38,98.7,19.74,118.44
711,53.96,16,20.0,863.36,690.69,138.14,828.83
712,18.64,28,0.0,521.92,521.92,104.38,626.3
713,63.41,16,15.0,1014.56,862.38,172.48,1034.86
714,44.57,43,20.0,1916.51,1533.21,306.64,1839.85
715,13.13,24,0.0,315.12,315.12,63.02,378.14
716,95.57,35,15.0,3344.95,2843.21,568.64,3411.85
717,79.71,33,15.0,2630.43,2235.87,447.17,2683.04
718,6.93,31,0.0,214.83,214.83,42.97,257.8
719,65.39,24,5.0,1569.36,1490.89,298.18,1789.07
720,76.0,23,0.0,1748.0,1748.0,349.6,2097.6
721,37.76,47,20.0,1774.72,1419.78,283.96,1703.74
722,64.68,50,15.0,3234.0,2748.9,549.78,3298.68
723,74.84,22,2.5,1646.48,1605.32,321.06,1926.38
724,9.21,35,5.0,322.35,306.23,61.25,367.48
725,82.28,12,20.0,987.36,789.89,157.98,947.87
726,49.14,45,10.0,2211.3,1990.17,398.03,2388.2
727,65.01,9,0.0,585.09,585.09,117.02,702.11
728,73.02,30,0.0,2190.6,2190.6,438.12,2628.72
729,32.88,3,2.5,98.64,96.17,19.23,115.4
730,89.15,21,5.0,1872.15,1778.54,355.71,2134.25
731,53.96,35,10.0,1888.6,1699.74,339.95,2039.69
732,29.06,49,20.0,1423.94,1139.15,227.83,1366.98
733,23.15,23,0.0,532.45,532.45,106.49,638.94
734,87.25,22,5.0,1919.5,1823.52,364.7,2188.22
735,16.83,24,10.0,403.92,363.53,72.71,436.24
736,89.5,48,10.0,4296.0,3866.4,773.28,4639.68
737,89.99,25,5.0,2249.75,2137.26,427.45,2564.71
738,97.5,32,20.0,3120.0,2496.0,499.2,2995.2
739,52.26,34,5.0,1776.84,1688.0,337.6,2025.6
740,81.11,47,10.0,3812.17,3430.95,686.19,4117.14
741,12.5,39,2.5,487.5,475.31,95.06,570.37
742,56.82,21,0.0,1193.22,1193.22,238.64,1431.86
743,12.61,43,5.0,542.23,515.12,103.02,618.14
744,34.12,39,20.0,1330.68,1064.54,212.91,1277.45
745,45.48,45,10.0,2046.6,1841.94,368.39,2210.33
746,38.4,3,20.0,115.2,92.16,18.43,110.59
747,87.65,23,15.0,2015.95,1713.56,342.71,2056.27
748,99.82,18,20.0,1796.76,1437.41,287.48,1724.89
749,98.1,4,0.0,392.4,392.4,78.48,470.88
750,68.76,26,5.0,1787.76,1698.37,339.67,2038.04
751,53.74,48,20.0,2579.52,2063.62,412.72,2476.34
752,20.2,2,2.5,40.4,39.39,7.88,47.27
753,85.62,44,10.0,3767.28,3390.55,678.11,4068.66
754,8.31,5,2.5,41.55,40.51,8.1,48.61
755,78.96,24,5.0,1895.04,1800.29,360.06,2160.35
756,41.37,37,0.0,1530.69,1530.69,306.14,1836.83
757,62.48,44,10.0,2749.12,2474.21,494.84,2969.05
758,95.14,24,10.0,2283.36,2055.02,411.0,2466.02
759,77.49,37,2.5,2867.13,2795.45,559.09,3354.54
760,55.3,26,5.0,1437.8,1365.91,273.18,1639.09
761,66.71,16,0.0,1067.36,1067.36,213.47,1280.83
762,7.46,12,10.0,89.52,80.57,16.11,96.68
763,54.19,36,0.0,1950.84,1950.84,390.17,2341.01
764,29.87,17,20.0,507.79,406.23,81.25,487.48
765,47.4,40,5.0,1896.0,1801.2,360.24,2161.44
766,70.93,32,2.5,2269.76,2213.02,442.6,2655.62
767,16.65,5,10.0,83.25,74.92,14.98,89.9
768,21.4,46,10.0,984.4,885.96,177.19,1063.15
769,99.74,44,5.0,4388.56,4169.13,833.83,5002.96
770,68.44,46,0.0,3148.24,3148.24,629.65,3777.89
771,57.25,19,5.0,1087.75,1033.36,206.67,1240.03
772,85.88,46,20.0,3950.48,3160.38,632.08,3792.46
773,93.1,41,2.5,3817.1,3721.67,744.33,4466.0
774,80.4,33,2.5,2653.2,2586.87,517.37,3104.24
775,16.53,13,2.5,214.89,209.52,41.9,251.42
776,27.49,32,0.0,879.68,879.68,175.94,1055.62
777,39.29,37,5.0,1453.73,1381.04,276.21,1657.25
778,49.4,36,2.5,1778.4,1733.94,346.79,2080.73
779,63.14,6,0.0,378.84,378.84,75.77,454.61
780,34.38,46,20.0,1581.48,1265.18,253.04,1518.22
781,50.47,27,10.0,1362.69,1226.42,245.28,1471.7
782,83.22,5,2.5,416.1,405.7,81.14,486.84
783,97.38,42,0.0,4089.96,4089.96,817.99,4907.95
784,47.75,44,15.0,2101.0,1785.85,357.17,2143.02
785,37.73,50,15.0,1886.5,1603.52,320.7,1924.22
786,65.78,12,2.5,789.36,769.63,153.93,923.56
787,46.1,4,0.0,184.4,184.4,36.88,221.28
788,54.22,20,2.5,1084.4,1057.29,211.46,1268.75
789,20.39,46,2.5,937.94,914.49,182.9,1097.39
790,37.87,34,5.0,1287.58,1223.2,244.64,1467.84
791,85.36,17,2.5,1451.12,1414.84,282.97,1697.81
792,65.33,36,5.0,2351.88,2234.29,446.86,2681.15
793,16.89,20,15.0,337.8,287.13,57.43,344.56
794,55.68,33,20.0,1837.44,1469.95,293.99,1763.94
795,21.02,38,2.5,798.76,778.79,155.76,934.55
796,21.26,40,20.0,850.4,680.32,136.06,816.38
797,90.69,22,15.0,1995.18,1695.9,339.18,2035.08
798,8.91,2,0.0,17.82,17.82,3.56,21.38
799,9.32,42,15.0,391.44,332.72,66.54,399.26
800,30.14,14,15.0,421.96,358.67,71.73,430.4
801,44.58,41,0.0,1827.78,1827.78,365.56,2193.34
802,52.31,41,15.0,2144.71,1823.0,364.6,2187.6
803,32.52,20,10.0,650.4,585.36,117.07,702.43
804,28.26,44,10.0,1243.44,1119.1,223.82,1342.92
805,33.26,5,20.0,166.3,133.04,26.61,159.65
806,10.69,29,10.0,310.01,279.01,55.8,334.81
807,51.0,14,5.0,714.0,678.3,135.66,813.96
808,62.63,21,20.0,1315.23,1052.18,210.44,1262.62
809,35.34,23,10.0,812.82,731.54,146.31,877.85
810,17.42,24,15.0,418.08,355.37,71.07,426.44
811,58.36,21,2.5,1225.56,1194.92,238.98,1433.9
812,49.31,18,10.0,887.58,798.82,159.76,958.58
813,28.55,7,0.0,199.85,199.85,39.97,239.82
814,32.57,25,15.0,814.25,692.11,138.42,830.53
815,44.72,11,5.0,491.92,467.32,93.46,560.78
816,93.71,47,5.0,4404.37,4184.15,836.83,5020.98
817,23.03,11,10.0,253.33,228.0,45.6,273.6
818,99.62,30,10.0,2988.6,2689.74,537.95,3227.69
819,88.51,32,0.0,2832.32,2832.32,566.46,3398.78
820,13.55,26,15.0,352.3,299.45,59.89,359.34
821,48.44,16,2.5,775.04,755.66,151.13,906.79
822,60.42,4,0.0,241.68,241.68,48.34,290.02
823,31.73,39,20.0,1237.47,989.98,198.0,1187.98
824,68.89,19,15.0,1308.91,1112.57,222.51,1335.08
825,5.78,7,10.0,40.46,36.41,7.28,43.69
826,17.72,17,20.0,301.24,240.99,48.2,289.19
827,39.75,26,5.0,1033.5,981.82,196.36,1178.18
828,9.3,4,15.0,37.2,31.62,6.32,37.94
829,58.37,24,15.0,1400.88,1190.75,238.15,1428.9
830,32.42,25,15.0,810.5,688.92,137.78,826.7
831,47.78,36,5.0,1720.08,1634.08,326.82,1960.9
832,83.4,40,20.0,3336.0,2668.8,533.76,3202.56
833,63.05,9,0.0,567.45,567.45,113.49,680.94
834,42.42,22,15.0,933.24,793.25,158.65,951.9
835,94.2,49,2.5,4615.8,4500.4,900.08,5400.48
836,23.91,33,10.0,789.03,710.13,142.03,852.16
837,52.51,3,0.0,157.53,157.53,31.51,189.04
838,18.02,22,10.0,396.44,356.8,71.36,428.16
839,54.34,10,15.0,543.4,461.89,92.38,554.27
840,89.85,9,5.0,808.65,768.22,153.64,921.86
841,93.48,21,2.5,1963.08,1914.0,382.8,2296.8
842,42.33,40,20.0,1693.2,1354.56,270.91,1625.47
843,85.05,38,5.0,3231.9,3070.3,614.06,3684.36
844,53.19,33,15.0,1755.27,1491.98,298.4,1790.38
845,51.54,37,5.0,1906.98,1811.63,362.33,2173.96
846,50.11,2,5.0,100.22,95.21,19.04,114.25
847,36.47,8,10.0,291.76,262.58,52.52,315.1
848,60.45,47,20.0,2841.15,2272.92,454.58,2727.5
849,64.78,39,10.0,2526.42,2273.78,454.76,2728.54
850,30.23,42,15.0,1269.66,1079.21,215.84,1295.05
851,59.88,47,0.0,2814.36,2814.36,562.87,3377.23
852,60.43,11,15.0,664.73,565.02,113.0,678.02
853,64.76,40,10.0,2590.4,2331.36,466.27,2797.63
854,19.04,44,2.5,837.76,816.82,163.36,980.18
855,8.0,45,0.0,360.0,360.0,72.0,432.0
856,23.12,29,5.0,670.48,636.96,127.39,764.35
857,44.78,27,20.0,1209.06,967.25,193.45,1160.7
858,24.37,33,15.0,804.21,683.58,136.72,820.3
859,92.45,48,20.0,4437.6,3550.08,710.02,4260.1
860,10.92,9,15.0,98.28,83.54,16.71,100.25
861,24.7,21,20.0,518.7,414.96,82.99,497.95
862,50.45,25,5.0,1261.25,1198.19,239.64,1437.83
863,95.89,30,15.0,2876.7,2445.19,489.04,2934.23
864,37.52,23,20.0,862.96,690.37,138.07,828.44
865,78.34,47,20.0,3681.98,2945.58,589.12,3534.7
866,66.11,45,5.0,2974.95,2826.2,565.24,3391.44
867,62.96,13,2.5,818.48,798.02,159.6,957.62
868,31.51,20,2.5,630.2,614.45,122.89,737.34
869,94.44,20,5.0,1888.8,1794.36,358.87,2153.23
870,71.97,45,20.0,3238.65,2590.92,518.18,3109.1
871,51.46,31,5.0,1595.26,1515.5,303.1,1818.6
872,58.25,47,5.0,2737.75,2600.86,520.17,3121.03
873,32.34,37,20.0,1196.58,957.26,191.45,1148.71
874,56.6,26,5.0,1471.6,1398.02,279.6,1677.62
875,95.69,10,5.0,956.9,909.05,181.81,1090.86
876,9.0,46,0.0,414.0,414.0,82.8,496.8
877,37.9,29,20.0,1099.1,879.28,175.86,1055.14
878,29.36,31,2.5,910.16,887.41,177.48,1064.89
879,24.2,35,5.0,847.0,804.65,160.93,965.58
880,93.64,45,5.0,4213.8,4003.11,800.62,4803.73
881,18.04,40,20.0,721.6,577.28,115.46,692.74
882,60.75,16,0.0,972.0,972.0,194.4,1166.4
883,68.63,34,2.5,2333.42,2275.08,455.02,2730.1
884,65.6,4,0.0,262.4,262.4,52.48,314.88
885,44.26,46,10.0,2035.96,1832.36,366.47,2198.83
886,14.55,50,2.5,727.5,709.31,141.86,851.17
887,5.49,36,2.5,197.64,192.7,38.54,231.24
888,43.66,31,10.0,1353.46,1218.11,243.62,1461.73
889,66.8,49,5.0,3273.2,3109.54,621.91,3731.45
890,35.51,42,0.0,1491.42,1491.42,298.28,1789.7
891,91.25,6,20.0,547.5,438.0,87.6,525.6
892,59.54,35,20.0,2083.9,1667.12,333.42,2000.54
893,73.7,3,2.5,221.1,215.57,43.11,258.68
894,44.7,12,0.0,536.4,536.4,107.28,643.68
895,99.73,26,10.0,2592.98,2333.68,466.74,2800.42
896,22.7,48,5.0,1089.6,1035.12,207.02,1242.14
897,88.29,1,5.0,88.29,83.88,16.78,100.66
898,58.96,7,5.0,412.72,392.08,78.42,470.5
899,32.03,42,15.0,1345.26,1143.47,228.69,1372.16
900,54.81,9,15.0,493.29,419.3,83.86,503.16
901,49.46,13,0.0,642.98,642.98,128.6,771.58
902,36.41,47,10.0,1711.27,1540.14,308.03,1848.17
903,66.59,46,2.5,3063.14,2986.56,597.31,3583.87
904,6.34,22,5.0,139.48,132.51,26.5,159.01
905,58.94,49,2.5,2888.06,2815.86,563.17,3379.03
906,21.67,41,10.0,888.47,799.62,159.92,959.54
907,83.56,33,5.0,2757.48,2619.61,523.92,3143.53
908,13.24,43,0.0,569.32,569.32,113.86,683.18
909,22.55,9,10.0,202.95,182.66,36.53,219.19
910,35.74,16,0.0,571.84,571.84,114.37,686.21
911,29.77,16,10.0,476.32,428.69,85.74,514.43
912,76.61,22,5.0,1685.42,1601.15,320.23,1921.38
913,60.33,37,0.0,2232.21,2232.21,446.44,2678.65
914,29.85,24,20.0,716.4,573.12,114.62,687.74
915,27.45,43,0.0,1180.35,1180.35,236.07,1416.42
916,49.21,11,10.0,541.31,487.18,97.44,584.62
917,70.18,46,5.0,3228.28,3066.87,613.37,3680.24
918,70.58,41,5.0,2893.78,2749.09,549.82,3298.91
919,39.92,15,2.5,598.8,583.83,116.77,700.6
920,95.95,31,2.5,2974.45,2900.09,580.02,3480.11
921,48.22,39,5.0,1880.58,1786.55,357.31,2143.86
922,44.51,36,10.0,1602.36,1442.12,288.42,1730.54
923,76.95,43,2.5,3308.85,3226.13,645.23,3871.36
924,77.38,44,15.0,3404.72,2894.01,578.8,3472.81
925,87.95,6,15.0,527.7,448.55,89.71,538.26
926,47.44,46,5.0,2182.24,2073.13,414.63,2487.76
927,12.42,37,0.0,459.54,459.54,91.91,551.45
928,10.87,36,15.0,391.32,332.62,66.52,399.14
929,24.2,35,2.5,847.0,825.82,165.16,990.98
930,20.63,34,10.0,701.42,631.28,126.26,757.54
931,16.04,14,20.0,224.56,179.65,35.93,215.58
932,60.4,6,15.0,362.4,308.04,61.61,369.65
933,47.32,4,10.0,189.28,170.35,34.07,204.42
934,17.53,27,10.0,473.31,425.98,85.2,511.18
935,58.57,36,10.0,2108.52,1897.67,379.53,2277.2
936,68.91,20,20.0,1378.2,1102.56,220.51,1323.07
937,7.07,17,0.0,120.19,120.19,24.04,144.23
938,75.85,38,0.0,2882.3,2882.3,576.46,3458.76
939,9.3,23,20.0,213.9,171.12,34.22,205.34
940,11.06,4,0.0,44.24,44.24,8.85,53.09
941,98.68,31,0.0,3059.08,3059.08,611.82,3670.9
942,32.27,12,2.5,387.24,377.56,75.51,453.07
943,77.75,47,20.0,3654.25,2923.4,584.68,3508.08
944,96.56,24,10.0,2317.44,2085.7,417.14,2502.84
945,47.61,25,10.0,1190.25,1071.23,214.25,1285.48
946,12.62,43,15.0,542.66,461.26,92.25,553.51
947,17.63,23,0.0,405.49,405.49,81.1,486.59
948,21.95,35,10.0,768.25,691.43,138.29,829.72
949,55.24,47,2.5,2596.28,2531.37,506.27,3037.64
950,84.31,49,0.0,4131.19,4131.19,826.24,4957.43
951,97.96,30,20.0,2938.8,2351.04,470.21,2821.25
952,73.31,28,15.0,2052.68,1744.78,348.96,2093.74
953,41.03,15,2.5,615.45,600.06,120.01,720.07
954,48.76,10,5.0,487.6,463.22,92.64,555.86
955,22.91,47,0.0,1076.77,1076.77,215.35,1292.12
956,8.06,43,10.0,346.58,311.92,62.38,374.3
957,63.42,2,2.5,126.84,123.67,24.73,148.4
958,24.58,7,15.0,172.06,146.25,29.25,175.5
959,8.19,39,20.0,319.41,255.53,51.11,306.64
960,71.81,4,2.5,287.24,280.06,56.01,336.07
961,75.35,26,10.0,1959.1,1763.19,352.64,2115.83
962,27.26,14,0.0,381.64,381.64,76.33,457.97
963,18.31,19,2.5,347.89,339.19,67.84,407.03
964,82.5,47,15.0,3877.5,3295.88,659.18,3955.06
965,35.3,39,20.0,1376.7,1101.36,220.27,1321.63
966,82.75,16,5.0,1324.0,1257.8,251.56,1509.36
967,88.24,43,15.0,3794.32,3225.17,645.03,3870.2
968,26.0,20,5.0,520.0,494.0,98.8,592.8
969,10.79,38,20.0,410.02,328.02,65.6,393.62
970,91.6,41,20.0,3755.6,3004.48,600.9,3605.38
971,45.58,32,0.0,1458.56,1458.56,291.71,1750.27
972,97.37,42,20.0,4089.54,3271.63,654.33,3925.96
973,41.21,34,5.0,1401.14,1331.08,266.22,1597.3
974,71.15,27,2.5,1921.05,1873.02,374.6,2247.62
975,33.49,12,15.0,401.88,341.6,68.32,409.92
976,49.98,15,5.0,749.7,712.22,142.44,854.66
977,86.47,10,10.0,864.7,778.23,155.65,933.88
978,91.9,36,10.0,3308.4,2977.56,595.51,3573.07
979,96.94,36,15.0,3489.84,2966.36,593.27,3559.63
980,17.74,16,5.0,283.84,269.65,53.93,323.58
981,24.32,42,0.0,1021.44,1021.44,204.29,1225.73
982,92.61,24,0.0,2222.64,2222.64,444.53,2667.17
983,55.89,13,0.0,726.57,726.57,145.31,871.88
984,30.5,44,15.0,1342.0,1140.7,228.14,1368.84
985,62.28,5,2.5,311.4,303.61,60.72,364.33
986,81.44,38,20.0,3094.72,2475.78,495.16,2970.94
987,68.79,14,10.0,963.06,866.75,173.35,1040.1
988,24.84,22,5.0,546.48,519.16,103.83,622.99
989,95.92,1,2.5,95.92,93.52,18.7,112.22
990,94.03,48,0.0,4513.44,4513.44,902.69,5416.13
991,75.95,49,10.0,3721.55,3349.4,669.88,4019.28
992,91.87,45,15.0,4134.15,3514.03,702.81,4216.84
993,71.86,26,2.5,1868.36,1821.65,364.33,2185.98
994,57.45,50,5.0,2872.5,2728.88,545.78,3274.66
995,41.16,35,20.0,1440.6,1152.48,230.5,1382.98
996,39.13,17,5.0,665.21,631.95,126.39,758.34
997,53.72,32,10.0,1719.04,1547.14,309.43,1856.57
998,14.37,47,10.0,675.39,607.85,121.57,729.42
999,77.35,21,2.5,1624.35,1583.74,316.75,1900.49
1000,40.22,27,0.0,1085.94,1085.94,217.19,1303.13
1001,58.44,15,20.0,876.6,701.28,140.26,841.54
1002,18.86,17,15.0,320.62,272.53,54.51,327.04
1003,93.8,38,20.0,3564.4,2851.52,570.3,3421.82
1004,44.67,10,2.5,446.7,435.53,87.11,522.64
1005,36.34,25,15.0,908.5,772.23,154.45,926.68
1006,84.17,32,15.0,2693.44,2289.42,457.88,2747.3
1007,67.19,44,5.0,2956.36,2808.54,561.71,3370.25
1008,29.45,32,20.0,942.4,753.92,150.78,904.7
1009,65.96,32,10.0,2110.72,1899.65,379.93,2279.58
1010,20.98,23,2.5,482.54,470.48,94.1,564.58
1011,18.3,35,10.0,640.5,576.45,115.29,691.74
1012,22.48,35,20.0,786.8,629.44,125.89,755.33
1013,95.94,34,0.0,3261.96,3261.96,652.39,3914.35
1014,84.71,5,20.0,423.55,338.84,67.77,406.61
1015,9.61,1,10.0,9.61,8.65,1.73,10.38
1016,18.06,41,2.5,740.46,721.95,144.39,866.34
1017,11.46,10,0.0,114.6,114.6,22.92,137.52
1018,25.78,30,5.0,773.4,734.73,146.95,881.68
1019,10.74,41,20.0,440.34,352.27,70.45,422.72
1020,93.72,31,20.0,2905.32,2324.26,464.85,2789.11
1021,51.35,1,15.0,51.35,43.65,8.73,52.38
1022,57.41,1,0.0,57.41,57.41,11.48,68.89
1023,55.29,18,15.0,995.22,845.94,169.19,1015.13
1024,97.86,2,15.0,195.72,166.36,33.27,199.63
1025,82.25,44,10.0,3619.0,3257.1,651.42,3908.52
1026,81.59,12,0.0,979.08,979.08,195.82,1174.9
1027,92.21,34,2.5,3135.14,3056.76,611.35,3668.11
1028,27.89,40,15.0,1115.6,948.26,189.65,1137.91
1029,28.98,23,5.0,666.54,633.21,126.64,759.85
1030,80.52,6,5.0,483.12,458.96,91.79,550.75
1031,96.13,30,15.0,2883.9,2451.32,490.26,2941.58
1032,28.1,45,2.5,1264.5,1232.89,246.58,1479.47
1033,33.5,6,20.0,201.0,160.8,32.16,192.96
1034,99.21,42,0.0,4166.82,4166.82,833.36,5000.18
1035,13.88,25,10.0,347.0,312.3,62.46,374.76
1036,57.51,4,20.0,230.04,184.03,36.81,220.84
1037,5.9,11,0.0,64.9,64.9,12.98,77.88
1038,52.49,28,20.0,1469.72,1175.78,235.16,1410.94
1039,79.52,37,0.0,2942.24,2942.24,588.45,3530.69
1040,90.01,3,2.5,270.03,263.28,52.66,315.94
1041,25.08,45,15.0,1128.6,959.31,191.86,1151.17
1042,50.17,3,0.0,150.51,150.51,30.1,180.61
1043,70.02,18,15.0,1260.36,1071.31,214.26,1285.57
1044,58.53,3,2.5,175.59,171.2,34.24,205.44
1045,93.23,21,0.0,1957.83,1957.83,391.57,2349.4
1046,96.34,38,2.5,3660.92,3569.4,713.88,4283.28
1047,76.46,46,10.0,3517.16,3165.44,633.09,3798.53
1048,93.24,20,2.5,1864.8,1818.18,363.64,2181.82
1049,58.58,37,10.0,2167.46,1950.71,390.14,2340.85
1050,69.32,35,5.0,2426.2,2304.89,460.98,2765.87
1051,41.47,48,2.5,1990.56,1940.8,388.16,2328.96
1052,80.1,45,20.0,3604.5,2883.6,576.72,3460.32
1053,12.45,48,5.0,597.6,567.72,113.54,681.26
1054,10.1,28,2.5,282.8,275.73,55.15,330.88
1055,84.67,22,15.0,1862.74,1583.33,316.67,1900.0
1056,78.06,39,10.0,3044.34,2739.91,547.98,3287.89
1057,97.05,21,0.0,2038.05,2038.05,407.61,2445.66
1058,65.24,29,10.0,1891.96,1702.76,340.55,2043.31
1059,26.67,36,10.0,960.12,864.11,172.82,1036.93
1060,46.03,44,15.0,2025.32,1721.52,344.3,2065.82
1061,67.76,6,15.0,406.56,345.58,69.12,414.7
1062,33.06,16,20.0,528.96,423.17,84.63,507.8
1063,11.98,18,2.5,215.64,210.25,42.05,252.3
1064,41.1,41,2.5,1685.1,1642.97,328.59,1971.56
1065,75.27,21,5.0,1580.67,1501.64,300.33,1801.97
1066,15.12,1,5.0,15.12,14.36,2.87,17.23
1067,47.25,49,5.0,2315.25,2199.49,439.9,2639.39
1068,14.71,6,2.5,88.26,86.05,17.21,103.26
1069,45.94,36,15.0,1653.84,1405.76,281.15,1686.91
1070,53.68,7,0.0,375.76,375.76,75.15,450.91
1071,13.51,36,0.0,486.36,486.36,97.27,583.63
1072,61.71,21,10.0,1295.91,1166.32,233.26,1399.58
1073,6.17,27,10.0,166.59,149.93,29.99,179.92
1074,79.02,47,15.0,3713.94,3156.85,631.37,3788.22
1075,90.99,16,15.0,1455.84,1237.46,247.49,1484.95
1076,54.5,44,10.0,2398.0,2158.2,431.64,2589.84
1077,21.1,18,5.0,379.8,360.81,72.16,432.97
1078,30.5,10,0.0,305.0,305.0,61.0,366.0
1079,20.88,18,10.0,375.84,338.26,67.65,405.91
1080,33.48,5,5.0,167.4,159.03,31.81,190.84
1081,28.91,16,20.0,462.56,370.05,74.01,444.06
1082,64.38,39,15.0,2510.82,2134.2,426.84,2561.04
1083,23.58,7,2.5,165.06,160.93,32.19,193.12
1084,33.94,26,5.0,882.44,838.32,167.66,1005.98
1085,84.95,25,5.0,2123.75,2017.56,403.51,2421.07
1086,46.82,28,20.0,1310.96,1048.77,209.75,1258.52
1087,97.55,9,5.0,877.95,834.05,166.81,1000.86
1088,35.46,45,2.5,1595.7,1555.81,311.16,1866.97
1089,50.51,12,10.0,606.12,545.51,109.1,654.61
1090,97.03,19,20.0,1843.57,1474.86,294.97,1769.83
1091,71.02,32,15.0,2272.64,1931.74,386.35,2318.09
1092,79.29,21,10.0,1665.09,1498.58,299.72,1798.3
1093,31.63,26,5.0,822.38,781.26,156.25,937.51
1094,15.82,37,2.5,585.34,570.71,114.14,684.85
1095,61.26,35,2.5,2144.1,2090.5,418.1,2508.6
1096,69.76,36,0.0,2511.36,2511.36,502.27,3013.63
1097,95.54,30,20.0,2866.2,2292.96,458.59,2751.55
1098,24.92,19,20.0,473.48,378.78,75.76,454.54
1099,11.57,27,20.0,312.39,249.91,49.98,299.89
1100,52.43,41,5.0,2149.63,2042.15,408.43,2450.58
